,Vehicle Ownership,Drives Alone,Public Transit,Traffic Impacts Percentile,PM2.5 Concentration,total_ev_count,Bikes or Walks,Carpools,Works from Home,Median Household Income,Unemployment Rate,Bachelor's Degree or Higher,Commute Time Below 30 Minutes
count,254.0,254.0,254.0,255.0,255.0,255.0,254.0,254.0,254.0,254.0,254.0,254.0,254.0
mean,0.9223622047244093,0.6821259842519685,0.0402755905511811,52.17254901960784,11.588235294117647,50.36078431372549,0.030393700787401577,0.07763779527559056,0.14295275590551182,97649.04724409449,0.06944881889763779,0.36917322834645666,0.4972834645669291
std,0.05721406572565095,0.0857391016479585,0.043922349225736755,21.299736407664142,1.149742706380608,123.08362191467393,0.04179569308150162,0.05721406572565096,0.08342674316182075,37647.01324349466,0.0262793472047647,0.21402898087861782,0.09134535930308776
min,0.66,0.28,0.0,1.0,6.0,0.0,0.0,0.0,0.02,29700.0,0.0,0.05,0.24
25%,0.9,0.64,0.01,38.0,12.0,3.0,0.01,0.04,0.07250000000000001,69833.5,0.05,0.19,0.4425
50%,0.94,0.7,0.025,53.0,12.0,16.0,0.02,0.06,0.12,91745.0,0.07,0.33,0.5
75%,0.96,0.74,0.05,67.5,12.0,52.0,0.03,0.1,0.21,113838.25,0.08,0.55,0.55
max,1.0,0.9,0.29,98.0,14.0,1525.0,0.43,0.34,0.42,250000.0,0.3,0.81,0.93
