,Vehicle Ownership,Drives Alone,Public Transit,Traffic Impacts Percentile,PM2.5 Concentration,total_ev_count,Bikes or Walks,Carpools,Works from Home,Median Household Income,Unemployment Rate,Bachelor's Degree or Higher,Commute Time Below 30 Minutes,Population Density
count,5.0,5.0,5.0,5.0,5.0,5.0,5.0,5.0,5.0,5.0,5.0,5.0,5.0,5.0
mean,0.9460000000000001,0.74,0.022000000000000002,77.2,12.0,27.4,0.026000000000000002,0.05399999999999999,0.092,89373.6,0.062,0.2899999999999999,0.63,3037.8417486000003
std,0.018165902124584927,0.02915475947422653,0.010954451150103323,6.870225614927067,0.0,19.94492416631359,0.015165750888103102,0.01816590212458495,0.04147288270665544,23386.503507365098,0.0216794833886788,0.08689073598491383,0.033911649915626375,982.3209412451015
min,0.92,0.71,0.01,68.0,12.0,5.0,0.01,0.03,0.06,73339.0,0.03,0.2,0.58,2117.35984
25%,0.94,0.72,0.02,75.0,12.0,8.0,0.02,0.05,0.06,76138.0,0.05,0.24,0.61,2281.10041
50%,0.95,0.73,0.02,77.0,12.0,34.0,0.02,0.05,0.08,76712.0,0.07,0.25,0.65,2626.110722
75%,0.95,0.76,0.02,79.0,12.0,40.0,0.03,0.06,0.1,91419.0,0.08,0.35,0.65,3871.97879
max,0.97,0.78,0.04,87.0,12.0,50.0,0.05,0.08,0.16,129260.0,0.08,0.41,0.66,4292.658981
