,Vehicle Ownership,Drives Alone,Public Transit,Traffic Impacts Percentile,PM2.5 Concentration,total_ev_count,Bikes or Walks,Carpools,Works from Home,Median Household Income,Unemployment Rate,Bachelor's Degree or Higher,Commute Time Below 30 Minutes,Population Density
count,12.0,12.0,12.0,12.0,12.0,12.0,12.0,12.0,12.0,12.0,12.0,12.0,12.0,12.0
mean,0.9041666666666668,0.6833333333333335,0.041666666666666664,79.66666666666667,12.083333333333334,33.416666666666664,0.030000000000000002,0.09583333333333333,0.14416666666666667,91914.5,0.08333333333333333,0.3066666666666667,0.46416666666666656,407.1353027058333
std,0.07488880646220324,0.15215621956237987,0.06860073327640606,6.443225241690027,0.28867513459481287,35.03364184046616,0.03884701930767546,0.07488880646220324,0.09976867183032898,32607.064617962777,0.07075352009660442,0.1906130460732773,0.08784887160586778,276.61457847412606
min,0.76,0.28,0.0,73.0,12.0,0.0,0.0,0.02,0.02,47079.0,0.04,0.08,0.31,19.36969135
25%,0.8725,0.6749999999999999,0.01,75.0,12.0,8.0,0.01,0.045,0.0775,65198.25,0.05,0.1825,0.3975,224.625006955
50%,0.93,0.735,0.02,78.5,12.0,22.0,0.015,0.07,0.12000000000000001,91379.5,0.065,0.235,0.46499999999999997,393.04354935000003
75%,0.955,0.78,0.035,82.25,12.0,53.25,0.0325,0.1275,0.1725,105269.25,0.07250000000000001,0.41500000000000004,0.53,609.610252875
max,0.98,0.81,0.25,96.0,13.0,112.0,0.14,0.24,0.36,156776.0,0.3,0.64,0.58,827.6137742
